{
  "compute_image": "projects/fluid-cluster-ops/global/images/fluid-slurm-gcp-compute-centos",
  "compute_service_account": "default",
  "controller": {
    "region":"@REGION@",
    "zone":"@ZONE@",
    "project": "@PROJECT@",
    "vpc_subnet":"@VPC_SUBNET@"
  },
  "controller_image": "projects/fluid-cluster-ops/global/images/fluid-slurm-gcp-controller-centos",
  "controller_service_account": "default",
  "default_partition": "@PARTITION_NAME@",
  "login": [
    {
      "region":"@REGION@",
      "zone":"@ZONE@",
      "project": "@PROJECT@",
      "vpc_subnet":"@VPC_SUBNET@"
    }
  ],
  "login_image": "projects/fluid-cluster-ops/global/images/fluid-slurm-gcp-login-centos",
  "login_service_account": "default",
  "mounts": [],
  "munge_key": "",
  "name": "@CLUSTER_NAME@",
  "partitions":@PARTITIONS@,
  "slurm_accounts": [],
  "suspend_time": 300,
  "tags": ["default"]
}
